2011-04-01T13:00:00-04:00,"123 4th St, Anywhere, AA",94121,MONKEY ALBERTO,1516609412.1230001,1516609953.1230001,zzsasdfa,I am the very model of a modern major general
